{
	"TF_HSS": {
        "Standard_A_Sabon": "/Volumes/comp_template/01_Template/TandF/00_SUPPORTIVE/TandF_HSS/03-Standard_Design/StandardA(6x9)/Sabon/03_IDML_Files/",
        "Standard_A_Bembo": "/Volumes/comp_template/01_Template/TandF/00_SUPPORTIVE/TandF_HSS/03-Standard_Design/StandardA(6x9)/Bembo/03_IDML_Files/",
        "Standard_A_TNR": "/Volumes/comp_template/01_Template/TandF/00_SUPPORTIVE/TandF_HSS/03-Standard_Design/StandardA(6x9)/TNR/03_IDML_Files/",
        "7x10_Standard_A_Sabon": "/Volumes/comp_template/01_Template/TandF/00_SUPPORTIVE/TandF_HSS/03-Standard_Design/StandardA(7x10)/Sabon/03_IDML_Files/",
        "Standard_B_Bembo": "/Volumes/comp_template/01_Template/TandF/00_SUPPORTIVE/TandF_HSS/03-Standard_Design/StandardB(6x9)/Bembo/03_IDML_Files/",
        "Standard_B_Sabon": "/Volumes/comp_template/01_Template/TandF/00_SUPPORTIVE/TandF_HSS/03-Standard_Design/StandardB(6x9)/Sabon/03_IDML_Files/",
        "Standard_B_TNR": "/Volumes/comp_template/01_Template/TandF/00_SUPPORTIVE/TandF_HSS/03-Standard_Design/StandardB(229x152mm)/TNR/03_IDML_Files/",
        "Standard_Supp": "/Volumes/comp_template/01_Template/TandF/00_SUPPORTIVE/TandF_HSS/03-Standard_Design/StandardSupp(6x9)/Bembo/03_IDML_Files/",
        "Demy_A_Bembo": "/Volumes/comp_template/01_Template/TandF/00_SUPPORTIVE/TandF_HSS/03-Standard_Design/DemyOctavo(138x216mm)-StandardA/Bembo/03_IDML_Files/",
        "Demy_A_Sabon": "/Volumes/comp_template/01_Template/TandF/00_SUPPORTIVE/TandF_HSS/03-Standard_Design/DemyOctavo(138x216mm)-StandardA/Sabon/03_IDML_Files/",
        "Demy_A_TNR": "/Volumes/comp_template/01_Template/TandF/00_SUPPORTIVE/TandF_HSS/03-Standard_Design/DemyOctavo(138x216mm)-StandardA/TNR/03_IDML_Files/",
        "Demy_B_Sabon": "/Volumes/comp_template/01_Template/TandF/00_SUPPORTIVE/TandF_HSS/03-Standard_Design/DemyOctavo(138x216mm)-StandardB/Sabon/03_IDML_Files/",
        "Demy_Supp": "/Volumes/comp_template/01_Template/TandF/00_SUPPORTIVE/TandF_HSS/03-Standard_Design/DemyOctavo(138x216mm)-StandardSupp/Bembo/03_IDML_Files/",
        "Pinched_Crown_Handbook_A": "/Volumes/comp_template/01_Template/TandF/00_SUPPORTIVE/TandF_HSS/03-Standard_Design/PinchedCrown(246x174mm)-RoutledgeHandbookA/Bembo/03_IDML_Files/",
        "Pinched_Crown_Handbook_B": "/Volumes/comp_template/01_Template/TandF/00_SUPPORTIVE/TandF_HSS/03-Standard_Design/PinchedCrown(246x174mm)-RoutledgeHandbookB/Bembo/03_IDML_Files/",
        "Pinched_Crown_A_Bembo": "/Volumes/comp_template/01_Template/TandF/00_SUPPORTIVE/TandF_HSS/03-Standard_Design/PinchedCrown(246x174mm)-StandardA/Bembo/03_IDML_Files/",
        "Pinched_Crown_A_Galliard": "/Volumes/comp_template/01_Template/TandF/00_SUPPORTIVE/TandF_HSS/03-Standard_Design/PinchedCrown(246x174mm)-StandardA/Galliard/03_IDML_Files/",
        "Pinched_Crown_A_Sabon": "/Volumes/comp_template/01_Template/TandF/00_SUPPORTIVE/TandF_HSS/03-Standard_Design/PinchedCrown(246x174mm)-StandardA/Sabon/03_IDML_Files/",
        "Pinched_Crown_B_Bembo": "/Volumes/comp_template/01_Template/TandF/00_SUPPORTIVE/TandF_HSS/03-Standard_Design/PinchedCrown(246x174mm)-StandardB/Bembo/03_IDML_Files/",
        "Pinched_Crown_B_Goudy": "/Volumes/comp_template/01_Template/TandF/00_SUPPORTIVE/TandF_HSS/03-Standard_Design/PinchedCrown(246x174mm)-StandardB/Goudy/03_IDML_Files/",
        "Pinched_Crown_B_Sabon": "/Volumes/comp_template/01_Template/TandF/00_SUPPORTIVE/TandF_HSS/03-Standard_Design/PinchedCrown(246x174mm)-StandardB/Sabon/03_IDML_Files/",
        "Pinched_Crown_C_Sabon": "/Volumes/comp_template/01_Template/TandF/00_SUPPORTIVE/TandF_HSS/03-Standard_Design/PinchedCrown(246x174mm)-StandardC/Sabon/03_IDML_Files/",
        "Royal_A_Baskerville": "/Volumes/comp_template/01_Template/TandF/00_SUPPORTIVE/TandF_HSS/03-Standard_Design/RoyalOctavo(234x156mm)-StandardA/Baskerville/03_IDML_Files/",
        "Royal_A_Bembo": "/Volumes/comp_template/01_Template/TandF/00_SUPPORTIVE/TandF_HSS/03-Standard_Design/RoyalOctavo(234x156mm)-StandardA/Bembo/03_IDML_Files/",
        "Royal_A_Galliard": "/Volumes/comp_template/01_Template/TandF/00_SUPPORTIVE/TandF_HSS/03-Standard_Design/RoyalOctavo(234x156mm)-StandardA/Galliard/03_IDML_Files/",
        "Royal_A_Garamond3": "/Volumes/comp_template/01_Template/TandF/00_SUPPORTIVE/TandF_HSS/03-Standard_Design/RoyalOctavo(234x156mm)-StandardA/Garamond3/03_IDML_Files/",
        "Royal_A_Goudy": "/Volumes/comp_template/01_Template/TandF/00_SUPPORTIVE/TandF_HSS/03-Standard_Design/RoyalOctavo(234x156mm)-StandardA/Goudy/03_IDML_Files/",
        "Royal_A_Sabon": "/Volumes/comp_template/01_Template/TandF/00_SUPPORTIVE/TandF_HSS/03-Standard_Design/RoyalOctavo(234x156mm)-StandardA/Sabon/03_IDML_Files/",
        "Royal_A_TNR": "/Volumes/comp_template/01_Template/TandF/00_SUPPORTIVE/TandF_HSS/03-Standard_Design/RoyalOctavo(234x156mm)-StandardA/TNR/03_IDML_Files/",
        "Royal_B_Bembo": "/Volumes/comp_template/01_Template/TandF/00_SUPPORTIVE/TandF_HSS/03-Standard_Design/RoyalOctavo(234x156mm)-StandardB/Bembo/03_IDML_Files/",
        "Royal_B_Galliard": "/Volumes/comp_template/01_Template/TandF/00_SUPPORTIVE/TandF_HSS/03-Standard_Design/RoyalOctavo(234x156mm)-StandardB/Galliard/03_IDML_Files/",
        "Royal_B_Garamond3": "/Volumes/comp_template/01_Template/TandF/00_SUPPORTIVE/TandF_HSS/03-Standard_Design/RoyalOctavo(234x156mm)-StandardB/Garamond3/03_IDML_Files/",
        "Royal_B_GoudyOldstyle": "/Volumes/comp_template/01_Template/TandF/00_SUPPORTIVE/TandF_HSS/03-Standard_Design/RoyalOctavo(234x156mm)-StandardB/Goudy/03_IDML_Files/",
        "Royal_B_Sabon": "/Volumes/comp_template/01_Template/TandF/00_SUPPORTIVE/TandF_HSS/03-Standard_Design/RoyalOctavo(234x156mm)-StandardB/Sabon/03_IDML_Files/",
        "Royal_B_TNR": "/Volumes/comp_template/01_Template/TandF/00_SUPPORTIVE/TandF_HSS/03-Standard_Design/RoyalOctavo(234x156mm)-StandardB/TNR/03_IDML_Files/",
        "Royal_B_TNR11": "/Volumes/comp_template/01_Template/TandF/00_SUPPORTIVE/TandF_HSS/03-Standard_Design/RoyalOctavo(234x156mm)-StandardB/TNR_11pts/03_IDML_Files/",
        "Royal_C_Bembo": "/Volumes/comp_template/01_Template/TandF/00_SUPPORTIVE/TandF_HSS/03-Standard_Design/RoyalOctavo(234x156mm)-StandardC/Bembo/03_IDML_Files/",
        "Royal_C_Sabon": "/Volumes/comp_template/01_Template/TandF/00_SUPPORTIVE/TandF_HSS/03-Standard_Design/RoyalOctavo(234x156mm)-StandardC/Sabon/03_IDML_Files/",
        "Royal_C_TNR": "/Volumes/comp_template/01_Template/TandF/00_SUPPORTIVE/TandF_HSS/03-Standard_Design/RoyalOctavo(234x156mm)-StandardC/TNR/03_IDML_Files/",
        "Royal_Supp": "/Volumes/comp_template/01_Template/TandF/00_SUPPORTIVE/TandF_HSS/03-Standard_Design/RoyalOctavo(234x156mm)-StandardSupp/Bembo/03_IDML_Files/"
    },
    "TF_Encyclopedia": {
        "Encyclopedia_CH": "/Volumes/comp_template/01_Template/TandF/TandF_ENCYCLOPEDIA/00_SUPPORTIVE/01_Standard_Design/03_Template/",
        "Encyclopedia_FM": "/Volumes/comp_template/01_Template/TandF/TandF_ENCYCLOPEDIA/00_SUPPORTIVE/01_Standard_Design/03_Template/",
        "Encyclopedia_BM": "/Volumes/comp_template/01_Template/TandF/TandF_ENCYCLOPEDIA/00_SUPPORTIVE/01_Standard_Design/03_Template/"
    }
}